{
  "Actor": {
    "types": [
      "character"
    ],
    "templates": null,
    "dialogs": {
      "cake": "foobar"
    },
    "character": {
      "virtues": {
        "wisdom": "d6",
        "logic": "d6",
        "compassion": "d6",
        "will": "d6",
        "vigor": "d6",
        "might": "d6"
      },
      "skills": {
        "folklore": "untrained",
        "intuition": "untrained",
        "perception": "untrained",
        "windlore": "untrained",
        "machinery": "untrained",
        "science": "untrained",
        "beastways": "untrained",
        "inspiration": "untrained",
        "performance": "untrained",
        "craft": "untrained",
        "persuasion": "untrained",
        "resolve": "untrained",
        "athletics": "untrained",
        "blades": "untrained",
        "survival": "untrained",
        "brawl": "untrained",
        "resistance": "untrained"
      },
      "spiritPool": 0,
      "furyPool": 0,
      "health": {
        "current": 20,
        "max": 20
      }
    }
  }
}